product_id,sale_date,quantity_sold,is_promo
1,2026-04-02,14,0
1,2026-04-03,46,1
1,2026-04-04,22,0
1,2026-04-05,24,0
1,2026-04-06,13,0
1,2026-04-07,14,0
1,2026-04-08,16,0
1,2026-04-09,15,0
1,2026-04-10,21,0
1,2026-04-11,49,1
1,2026-04-12,21,0
1,2026-04-13,14,0
1,2026-04-14,32,1
1,2026-04-15,12,0
1,2026-04-16,12,0
1,2026-04-17,22,0
1,2026-04-18,21,0
1,2026-04-19,23,0
1,2026-04-20,13,0
1,2026-04-21,31,1
1,2026-04-22,17,0
1,2026-04-23,15,0
1,2026-04-24,24,0
1,2026-04-25,21,0
1,2026-04-26,23,0
1,2026-04-27,15,0
1,2026-04-28,14,0
1,2026-04-29,16,0
1,2026-04-30,15,0
1,2026-05-01,24,0
1,2026-05-02,23,0
1,2026-05-03,27,0
1,2026-05-04,16,0
1,2026-05-05,14,0
1,2026-05-06,17,0
1,2026-05-07,14,0
1,2026-05-08,25,0
1,2026-05-09,22,0
1,2026-05-10,23,0
1,2026-05-11,17,0
1,2026-05-12,17,0
1,2026-05-13,36,1
1,2026-05-14,16,0
1,2026-05-15,25,0
1,2026-05-16,24,0
1,2026-05-17,25,0
1,2026-05-18,16,0
1,2026-05-19,18,0
1,2026-05-20,17,0
1,2026-05-21,14,0
1,2026-05-22,27,0
1,2026-05-23,26,0
1,2026-05-24,26,0
1,2026-05-25,18,0
1,2026-05-26,19,0
1,2026-05-27,19,0
1,2026-05-28,16,0
1,2026-05-29,27,0
1,2026-05-30,28,0
1,2026-05-31,29,0
1,2026-06-01,17,0
1,2026-06-02,18,0
1,2026-06-03,16,0
1,2026-06-04,16,0
1,2026-06-05,29,0
1,2026-06-06,30,0
1,2026-06-07,28,0
1,2026-06-08,42,1
1,2026-06-09,19,0
1,2026-06-10,18,0
1,2026-06-11,19,0
1,2026-06-12,31,0
1,2026-06-13,29,0
1,2026-06-14,32,0
1,2026-06-15,15,0
1,2026-06-16,20,0
1,2026-06-17,19,0
1,2026-06-18,19,0
1,2026-06-19,30,0
1,2026-06-20,27,0
1,2026-06-21,30,0
1,2026-06-22,20,0
1,2026-06-23,22,0
1,2026-06-24,19,0
1,2026-06-25,18,0
1,2026-06-26,30,0
1,2026-06-27,32,0
1,2026-06-28,31,0
1,2026-06-29,19,0
1,2026-06-30,45,1
1,2026-07-01,20,0
1,2026-07-02,22,0
1,2026-07-03,30,0
1,2026-07-04,31,0
1,2026-07-05,31,0
1,2026-07-06,18,0
1,2026-07-07,21,0
1,2026-07-08,21,0
1,2026-07-09,21,0
1,2026-07-10,32,0
1,2026-07-11,69,1
1,2026-07-12,32,0
1,2026-07-13,20,0
1,2026-07-14,20,0
1,2026-07-15,21,0
1,2026-07-16,22,0
1,2026-07-17,36,0
1,2026-07-18,33,0
1,2026-07-19,33,0
1,2026-07-20,21,0
1,2026-07-21,19,0
1,2026-07-22,21,0
1,2026-07-23,22,0
1,2026-07-24,37,0
1,2026-07-25,33,0
1,2026-07-26,34,0
1,2026-07-27,22,0
1,2026-07-28,20,0
1,2026-07-29,24,0
1,2026-07-30,23,0
1,2026-07-31,36,0
1,2026-08-01,33,0
1,2026-08-02,37,0
1,2026-08-03,20,0
1,2026-08-04,50,1
1,2026-08-05,26,0
1,2026-08-06,48,1
1,2026-08-07,34,0
1,2026-08-08,35,0
1,2026-08-09,35,0
1,2026-08-10,21,0
1,2026-08-11,23,0
1,2026-08-12,21,0
1,2026-08-13,24,0
1,2026-08-14,35,0
1,2026-08-15,38,0
1,2026-08-16,35,0
1,2026-08-17,23,0
1,2026-08-18,25,0
1,2026-08-19,22,0
1,2026-08-20,24,0
1,2026-08-21,39,0
1,2026-08-22,34,0
1,2026-08-23,37,0
1,2026-08-24,24,0
1,2026-08-25,25,0
1,2026-08-26,22,0
1,2026-08-27,22,0
1,2026-08-28,38,0
1,2026-08-29,38,0
1,2026-08-30,38,0
1,2026-08-31,25,0
1,2026-09-01,23,0
1,2026-09-02,25,0
1,2026-09-03,25,0
1,2026-09-04,37,0
1,2026-09-05,41,0
1,2026-09-06,39,0
1,2026-09-07,23,0
1,2026-09-08,26,0
1,2026-09-09,24,0
1,2026-09-10,26,0
1,2026-09-11,41,0
1,2026-09-12,38,0
1,2026-09-13,41,0
1,2026-09-14,26,0
1,2026-09-15,27,0
1,2026-09-16,28,0
1,2026-09-17,25,0
1,2026-09-18,39,0
1,2026-09-19,39,0
1,2026-09-20,39,0
1,2026-09-21,26,0
1,2026-09-22,26,0
1,2026-09-23,26,0
1,2026-09-24,27,0
1,2026-09-25,41,0
1,2026-09-26,43,0
1,2026-09-27,41,0
1,2026-09-28,30,0
2,2026-04-02,8,0
2,2026-04-03,10,0
2,2026-04-04,10,0
2,2026-04-05,12,0
2,2026-04-06,7,0
2,2026-04-07,8,0
2,2026-04-08,8,0
2,2026-04-09,7,0
2,2026-04-10,10,0
2,2026-04-11,9,0
2,2026-04-12,11,0
2,2026-04-13,9,0
2,2026-04-14,8,0
2,2026-04-15,6,0
2,2026-04-16,8,0
2,2026-04-17,12,0
2,2026-04-18,10,0
2,2026-04-19,12,0
2,2026-04-20,8,0
2,2026-04-21,6,0
2,2026-04-22,8,0
2,2026-04-23,8,0
2,2026-04-24,13,0
2,2026-04-25,13,0
2,2026-04-26,10,0
2,2026-04-27,6,0
2,2026-04-28,8,0
2,2026-04-29,8,0
2,2026-04-30,8,0
2,2026-05-01,18,0
2,2026-05-02,13,0
2,2026-05-03,14,0
2,2026-05-04,9,0
2,2026-05-05,9,0
2,2026-05-06,7,0
2,2026-05-07,9,0
2,2026-05-08,11,0
2,2026-05-09,12,0
2,2026-05-10,12,0
2,2026-05-11,8,0
2,2026-05-12,11,0
2,2026-05-13,5,0
2,2026-05-14,9,0
2,2026-05-15,10,0
2,2026-05-16,12,0
2,2026-05-17,14,0
2,2026-05-18,8,0
2,2026-05-19,6,0
2,2026-05-20,7,0
2,2026-05-21,9,0
2,2026-05-22,12,0
2,2026-05-23,13,0
2,2026-05-24,13,0
2,2026-05-25,7,0
2,2026-05-26,11,0
2,2026-05-27,9,0
2,2026-05-28,5,0
2,2026-05-29,13,0
2,2026-05-30,12,0
2,2026-05-31,14,0
2,2026-06-01,7,0
2,2026-06-02,8,0
2,2026-06-03,9,0
2,2026-06-04,10,0
2,2026-06-05,11,0
2,2026-06-06,13,0
2,2026-06-07,12,0
2,2026-06-08,7,0
2,2026-06-09,11,0
2,2026-06-10,9,0
2,2026-06-11,7,0
2,2026-06-12,15,0
2,2026-06-13,16,0
2,2026-06-14,15,0
2,2026-06-15,6,0
2,2026-06-16,8,0
2,2026-06-17,10,0
2,2026-06-18,8,0
2,2026-06-19,14,0
2,2026-06-20,15,0
2,2026-06-21,12,0
2,2026-06-22,9,0
2,2026-06-23,4,0
2,2026-06-24,7,0
2,2026-06-25,8,0
2,2026-06-26,12,0
2,2026-06-27,16,0
2,2026-06-28,11,0
2,2026-06-29,8,0
2,2026-06-30,20,1
2,2026-07-01,11,0
2,2026-07-02,7,0
2,2026-07-03,16,0
2,2026-07-04,14,0
2,2026-07-05,12,0
2,2026-07-06,10,0
2,2026-07-07,9,0
2,2026-07-08,8,0
2,2026-07-09,9,0
2,2026-07-10,13,0
2,2026-07-11,14,0
2,2026-07-12,15,0
2,2026-07-13,11,0
2,2026-07-14,7,0
2,2026-07-15,12,0
2,2026-07-16,6,0
2,2026-07-17,14,0
2,2026-07-18,15,0
2,2026-07-19,15,0
2,2026-07-20,8,0
2,2026-07-21,20,1
2,2026-07-22,8,0
2,2026-07-23,8,0
2,2026-07-24,16,0
2,2026-07-25,15,0
2,2026-07-26,13,0
2,2026-07-27,11,0
2,2026-07-28,21,1
2,2026-07-29,11,0
2,2026-07-30,10,0
2,2026-07-31,13,0
2,2026-08-01,14,0
2,2026-08-02,16,0
2,2026-08-03,10,0
2,2026-08-04,9,0
2,2026-08-05,10,0
2,2026-08-06,11,0
2,2026-08-07,14,0
2,2026-08-08,16,0
2,2026-08-09,15,0
2,2026-08-10,9,0
2,2026-08-11,11,0
2,2026-08-12,11,0
2,2026-08-13,11,0
2,2026-08-14,17,0
2,2026-08-15,15,0
2,2026-08-16,16,0
2,2026-08-17,9,0
2,2026-08-18,10,0
2,2026-08-19,10,0
2,2026-08-20,10,0
2,2026-08-21,16,0
2,2026-08-22,14,0
2,2026-08-23,18,0
2,2026-08-24,20,1
2,2026-08-25,8,0
2,2026-08-26,12,0
2,2026-08-27,11,0
2,2026-08-28,16,0
2,2026-08-29,16,0
2,2026-08-30,15,0
2,2026-08-31,9,0
2,2026-09-01,10,0
2,2026-09-02,9,0
2,2026-09-03,11,0
2,2026-09-04,15,0
2,2026-09-05,14,0
2,2026-09-06,15,0
2,2026-09-07,11,0
2,2026-09-08,9,0
2,2026-09-09,9,0
2,2026-09-10,10,0
2,2026-09-11,35,1
2,2026-09-12,15,0
2,2026-09-13,15,0
2,2026-09-14,11,0
2,2026-09-15,8,0
2,2026-09-16,8,0
2,2026-09-17,9,0
2,2026-09-18,16,0
2,2026-09-19,16,0
2,2026-09-20,18,0
2,2026-09-21,12,0
2,2026-09-22,10,0
2,2026-09-23,10,0
2,2026-09-24,9,0
2,2026-09-25,16,0
2,2026-09-26,16,0
2,2026-09-27,17,0
2,2026-09-28,9,0
3,2026-04-02,23,0
3,2026-04-03,37,0
3,2026-04-04,35,0
3,2026-04-05,35,0
3,2026-04-06,23,0
3,2026-04-07,22,0
3,2026-04-08,23,0
3,2026-04-09,22,0
3,2026-04-10,76,1
3,2026-04-11,33,0
3,2026-04-12,34,0
3,2026-04-13,23,0
3,2026-04-14,24,0
3,2026-04-15,23,0
3,2026-04-16,25,0
3,2026-04-17,33,0
3,2026-04-18,35,0
3,2026-04-19,34,0
3,2026-04-20,25,0
3,2026-04-21,20,0
3,2026-04-22,20,0
3,2026-04-23,21,0
3,2026-04-24,30,0
3,2026-04-25,33,0
3,2026-04-26,32,0
3,2026-04-27,22,0
3,2026-04-28,22,0
3,2026-04-29,24,0
3,2026-04-30,23,0
3,2026-05-01,32,0
3,2026-05-02,32,0
3,2026-05-03,34,0
3,2026-05-04,19,0
3,2026-05-05,24,0
3,2026-05-06,48,1
3,2026-05-07,20,0
3,2026-05-08,30,0
3,2026-05-09,34,0
3,2026-05-10,32,0
3,2026-05-11,23,0
3,2026-05-12,18,0
3,2026-05-13,20,0
3,2026-05-14,21,0
3,2026-05-15,32,0
3,2026-05-16,31,0
3,2026-05-17,33,0
3,2026-05-18,19,0
3,2026-05-19,20,0
3,2026-05-20,21,0
3,2026-05-21,21,0
3,2026-05-22,33,0
3,2026-05-23,30,0
3,2026-05-24,29,0
3,2026-05-25,22,0
3,2026-05-26,21,0
3,2026-05-27,43,1
3,2026-05-28,22,0
3,2026-05-29,31,0
3,2026-05-30,33,0
3,2026-05-31,31,0
3,2026-06-01,23,0
3,2026-06-02,22,0
3,2026-06-03,19,0
3,2026-06-04,21,0
3,2026-06-05,31,0
3,2026-06-06,33,0
3,2026-06-07,29,0
3,2026-06-08,44,1
3,2026-06-09,21,0
3,2026-06-10,17,0
3,2026-06-11,18,0
3,2026-06-12,27,0
3,2026-06-13,30,0
3,2026-06-14,31,0
3,2026-06-15,21,0
3,2026-06-16,19,0
3,2026-06-17,22,0
3,2026-06-18,17,0
3,2026-06-19,27,0
3,2026-06-20,29,0
3,2026-06-21,30,0
3,2026-06-22,19,0
3,2026-06-23,16,0
3,2026-06-24,19,0
3,2026-06-25,17,0
3,2026-06-26,30,0
3,2026-06-27,30,0
3,2026-06-28,28,0
3,2026-06-29,18,0
3,2026-06-30,17,0
3,2026-07-01,18,0
3,2026-07-02,20,0
3,2026-07-03,27,0
3,2026-07-04,29,0
3,2026-07-05,28,0
3,2026-07-06,17,0
3,2026-07-07,18,0
3,2026-07-08,17,0
3,2026-07-09,17,0
3,2026-07-10,26,0
3,2026-07-11,31,0
3,2026-07-12,28,0
3,2026-07-13,17,0
3,2026-07-14,18,0
3,2026-07-15,18,0
3,2026-07-16,17,0
3,2026-07-17,29,0
3,2026-07-18,29,0
3,2026-07-19,27,0
3,2026-07-20,17,0
3,2026-07-21,17,0
3,2026-07-22,14,0
3,2026-07-23,15,0
3,2026-07-24,29,0
3,2026-07-25,29,0
3,2026-07-26,27,0
3,2026-07-27,18,0
3,2026-07-28,18,0
3,2026-07-29,22,0
3,2026-07-30,19,0
3,2026-07-31,26,0
3,2026-08-01,57,1
3,2026-08-02,24,0
3,2026-08-03,17,0
3,2026-08-04,16,0
3,2026-08-05,15,0
3,2026-08-06,16,0
3,2026-08-07,24,0
3,2026-08-08,29,0
3,2026-08-09,27,0
3,2026-08-10,17,0
3,2026-08-11,19,0
3,2026-08-12,17,0
3,2026-08-13,35,1
3,2026-08-14,28,0
3,2026-08-15,26,0
3,2026-08-16,24,0
3,2026-08-17,16,0
3,2026-08-18,15,0
3,2026-08-19,14,0
3,2026-08-20,18,0
3,2026-08-21,58,1
3,2026-08-22,23,0
3,2026-08-23,26,0
3,2026-08-24,34,1
3,2026-08-25,15,0
3,2026-08-26,15,0
3,2026-08-27,15,0
3,2026-08-28,25,0
3,2026-08-29,23,0
3,2026-08-30,25,0
3,2026-08-31,16,0
3,2026-09-01,15,0
3,2026-09-02,14,0
3,2026-09-03,15,0
3,2026-09-04,25,0
3,2026-09-05,25,0
3,2026-09-06,23,0
3,2026-09-07,34,1
3,2026-09-08,16,0
3,2026-09-09,13,0
3,2026-09-10,16,0
3,2026-09-11,23,0
3,2026-09-12,24,0
3,2026-09-13,22,0
3,2026-09-14,12,0
3,2026-09-15,13,0
3,2026-09-16,15,0
3,2026-09-17,33,1
3,2026-09-18,22,0
3,2026-09-19,24,0
3,2026-09-20,21,0
3,2026-09-21,15,0
3,2026-09-22,13,0
3,2026-09-23,14,0
3,2026-09-24,15,0
3,2026-09-25,21,0
3,2026-09-26,22,0
3,2026-09-27,24,0
3,2026-09-28,14,0
4,2026-04-02,12,0
4,2026-04-03,15,0
4,2026-04-04,18,0
4,2026-04-05,39,1
4,2026-04-06,7,0
4,2026-04-07,10,0
4,2026-04-08,12,0
4,2026-04-09,11,0
4,2026-04-10,18,0
4,2026-04-11,16,0
4,2026-04-12,17,0
4,2026-04-13,11,0
4,2026-04-14,13,0
4,2026-04-15,12,0
4,2026-04-16,12,0
4,2026-04-17,17,0
4,2026-04-18,17,0
4,2026-04-19,17,0
4,2026-04-20,12,0
4,2026-04-21,11,0
4,2026-04-22,12,0
4,2026-04-23,15,0
4,2026-04-24,19,0
4,2026-04-25,18,0
4,2026-04-26,20,0
4,2026-04-27,11,0
4,2026-04-28,9,0
4,2026-04-29,10,0
4,2026-04-30,9,0
4,2026-05-01,18,0
4,2026-05-02,19,0
4,2026-05-03,21,0
4,2026-05-04,12,0
4,2026-05-05,12,0
4,2026-05-06,13,0
4,2026-05-07,9,0
4,2026-05-08,19,0
4,2026-05-09,20,0
4,2026-05-10,17,0
4,2026-05-11,14,0
4,2026-05-12,13,0
4,2026-05-13,12,0
4,2026-05-14,13,0
4,2026-05-15,23,0
4,2026-05-16,20,0
4,2026-05-17,20,0
4,2026-05-18,12,0
4,2026-05-19,11,0
4,2026-05-20,14,0
4,2026-05-21,26,1
4,2026-05-22,20,0
4,2026-05-23,19,0
4,2026-05-24,20,0
4,2026-05-25,13,0
4,2026-05-26,14,0
4,2026-05-27,12,0
4,2026-05-28,12,0
4,2026-05-29,19,0
4,2026-05-30,43,1
4,2026-05-31,21,0
4,2026-06-01,14,0
4,2026-06-02,12,0
4,2026-06-03,14,0
4,2026-06-04,15,0
4,2026-06-05,21,0
4,2026-06-06,23,0
4,2026-06-07,19,0
4,2026-06-08,11,0
4,2026-06-09,11,0
4,2026-06-10,16,0
4,2026-06-11,14,0
4,2026-06-12,21,0
4,2026-06-13,21,0
4,2026-06-14,19,0
4,2026-06-15,17,0
4,2026-06-16,14,0
4,2026-06-17,14,0
4,2026-06-18,15,0
4,2026-06-19,22,0
4,2026-06-20,22,0
4,2026-06-21,20,0
4,2026-06-22,14,0
4,2026-06-23,17,0
4,2026-06-24,16,0
4,2026-06-25,16,0
4,2026-06-26,21,0
4,2026-06-27,20,0
4,2026-06-28,21,0
4,2026-06-29,14,0
4,2026-06-30,16,0
4,2026-07-01,12,0
4,2026-07-02,16,0
4,2026-07-03,22,0
4,2026-07-04,21,0
4,2026-07-05,21,0
4,2026-07-06,12,0
4,2026-07-07,15,0
4,2026-07-08,32,1
4,2026-07-09,12,0
4,2026-07-10,20,0
4,2026-07-11,22,0
4,2026-07-12,25,0
4,2026-07-13,14,0
4,2026-07-14,12,0
4,2026-07-15,14,0
4,2026-07-16,14,0
4,2026-07-17,19,0
4,2026-07-18,23,0
4,2026-07-19,23,0
4,2026-07-20,16,0
4,2026-07-21,18,0
4,2026-07-22,16,0
4,2026-07-23,14,0
4,2026-07-24,21,0
4,2026-07-25,27,0
4,2026-07-26,23,0
4,2026-07-27,15,0
4,2026-07-28,15,0
4,2026-07-29,15,0
4,2026-07-30,15,0
4,2026-07-31,23,0
4,2026-08-01,23,0
4,2026-08-02,24,0
4,2026-08-03,14,0
4,2026-08-04,14,0
4,2026-08-05,15,0
4,2026-08-06,15,0
4,2026-08-07,26,0
4,2026-08-08,20,0
4,2026-08-09,26,0
4,2026-08-10,17,0
4,2026-08-11,12,0
4,2026-08-12,15,0
4,2026-08-13,15,0
4,2026-08-14,22,0
4,2026-08-15,23,0
4,2026-08-16,23,0
4,2026-08-17,18,0
4,2026-08-18,17,0
4,2026-08-19,18,0
4,2026-08-20,17,0
4,2026-08-21,23,0
4,2026-08-22,24,0
4,2026-08-23,26,0
4,2026-08-24,33,1
4,2026-08-25,17,0
4,2026-08-26,16,0
4,2026-08-27,16,0
4,2026-08-28,26,0
4,2026-08-29,26,0
4,2026-08-30,25,0
4,2026-08-31,18,0
4,2026-09-01,15,0
4,2026-09-02,17,0
4,2026-09-03,17,0
4,2026-09-04,25,0
4,2026-09-05,26,0
4,2026-09-06,24,0
4,2026-09-07,18,0
4,2026-09-08,16,0
4,2026-09-09,16,0
4,2026-09-10,18,0
4,2026-09-11,25,0
4,2026-09-12,24,0
4,2026-09-13,24,0
4,2026-09-14,18,0
4,2026-09-15,15,0
4,2026-09-16,19,0
4,2026-09-17,14,0
4,2026-09-18,29,0
4,2026-09-19,27,0
4,2026-09-20,26,0
4,2026-09-21,16,0
4,2026-09-22,18,0
4,2026-09-23,17,0
4,2026-09-24,19,0
4,2026-09-25,59,1
4,2026-09-26,27,0
4,2026-09-27,26,0
4,2026-09-28,17,0
5,2026-04-02,27,0
5,2026-04-03,40,0
5,2026-04-04,40,0
5,2026-04-05,44,0
5,2026-04-06,28,0
5,2026-04-07,27,0
5,2026-04-08,28,0
5,2026-04-09,28,0
5,2026-04-10,94,1
5,2026-04-11,42,0
5,2026-04-12,44,0
5,2026-04-13,27,0
5,2026-04-14,29,0
5,2026-04-15,26,0
5,2026-04-16,30,0
5,2026-04-17,45,0
5,2026-04-18,45,0
5,2026-04-19,46,0
5,2026-04-20,31,0
5,2026-04-21,30,0
5,2026-04-22,26,0
5,2026-04-23,27,0
5,2026-04-24,44,0
5,2026-04-25,45,0
5,2026-04-26,46,0
5,2026-04-27,28,0
5,2026-04-28,30,0
5,2026-04-29,28,0
5,2026-04-30,29,0
5,2026-05-01,44,0
5,2026-05-02,45,0
5,2026-05-03,44,0
5,2026-05-04,28,0
5,2026-05-05,32,0
5,2026-05-06,29,0
5,2026-05-07,34,0
5,2026-05-08,48,0
5,2026-05-09,47,0
5,2026-05-10,46,0
5,2026-05-11,32,0
5,2026-05-12,30,0
5,2026-05-13,31,0
5,2026-05-14,35,0
5,2026-05-15,48,0
5,2026-05-16,50,0
5,2026-05-17,47,0
5,2026-05-18,31,0
5,2026-05-19,34,0
5,2026-05-20,30,0
5,2026-05-21,34,0
5,2026-05-22,50,0
5,2026-05-23,48,0
5,2026-05-24,50,0
5,2026-05-25,33,0
5,2026-05-26,33,0
5,2026-05-27,30,0
5,2026-05-28,31,0
5,2026-05-29,50,0
5,2026-05-30,50,0
5,2026-05-31,51,0
5,2026-06-01,33,0
5,2026-06-02,30,0
5,2026-06-03,33,0
5,2026-06-04,34,0
5,2026-06-05,52,0
5,2026-06-06,53,0
5,2026-06-07,52,0
5,2026-06-08,34,0
5,2026-06-09,33,0
5,2026-06-10,31,0
5,2026-06-11,34,0
5,2026-06-12,52,0
5,2026-06-13,52,0
5,2026-06-14,50,0
5,2026-06-15,32,0
5,2026-06-16,35,0
5,2026-06-17,34,0
5,2026-06-18,35,0
5,2026-06-19,53,0
5,2026-06-20,53,0
5,2026-06-21,55,0
5,2026-06-22,34,0
5,2026-06-23,35,0
5,2026-06-24,34,0
5,2026-06-25,34,0
5,2026-06-26,53,0
5,2026-06-27,54,0
5,2026-06-28,53,0
5,2026-06-29,37,0
5,2026-06-30,34,0
5,2026-07-01,35,0
5,2026-07-02,35,0
5,2026-07-03,57,0
5,2026-07-04,55,0
5,2026-07-05,57,0
5,2026-07-06,33,0
5,2026-07-07,36,0
5,2026-07-08,80,1
5,2026-07-09,36,0
5,2026-07-10,57,0
5,2026-07-11,55,0
5,2026-07-12,58,0
5,2026-07-13,40,0
5,2026-07-14,36,0
5,2026-07-15,36,0
5,2026-07-16,39,0
5,2026-07-17,127,1
5,2026-07-18,56,0
5,2026-07-19,56,0
5,2026-07-20,36,0
5,2026-07-21,35,0
5,2026-07-22,36,0
5,2026-07-23,36,0
5,2026-07-24,57,0
5,2026-07-25,58,0
5,2026-07-26,58,0
5,2026-07-27,40,0
5,2026-07-28,36,0
5,2026-07-29,39,0
5,2026-07-30,37,0
5,2026-07-31,59,0
5,2026-08-01,60,0
5,2026-08-02,57,0
5,2026-08-03,39,0
5,2026-08-04,38,0
5,2026-08-05,39,0
5,2026-08-06,39,0
5,2026-08-07,63,0
5,2026-08-08,59,0
5,2026-08-09,59,0
5,2026-08-10,38,0
5,2026-08-11,85,1
5,2026-08-12,38,0
5,2026-08-13,41,0
5,2026-08-14,63,0
5,2026-08-15,60,0
5,2026-08-16,60,0
5,2026-08-17,40,0
5,2026-08-18,39,0
5,2026-08-19,40,0
5,2026-08-20,40,0
5,2026-08-21,59,0
5,2026-08-22,64,0
5,2026-08-23,65,0
5,2026-08-24,87,1
5,2026-08-25,39,0
5,2026-08-26,41,0
5,2026-08-27,41,0
5,2026-08-28,64,0
5,2026-08-29,66,0
5,2026-08-30,63,0
5,2026-08-31,39,0
5,2026-09-01,39,0
5,2026-09-02,40,0
5,2026-09-03,41,0
5,2026-09-04,66,0
5,2026-09-05,63,0
5,2026-09-06,64,0
5,2026-09-07,41,0
5,2026-09-08,43,0
5,2026-09-09,45,0
5,2026-09-10,41,0
5,2026-09-11,142,1
5,2026-09-12,66,0
5,2026-09-13,66,0
5,2026-09-14,45,0
5,2026-09-15,43,0
5,2026-09-16,41,0
5,2026-09-17,43,0
5,2026-09-18,67,0
5,2026-09-19,67,0
5,2026-09-20,67,0
5,2026-09-21,44,0
5,2026-09-22,44,0
5,2026-09-23,45,0
5,2026-09-24,44,0
5,2026-09-25,66,0
5,2026-09-26,67,0
5,2026-09-27,69,0
5,2026-09-28,42,0
